ID,y
1,99.16513
2,99.16513
3,99.16513
4,99.16513
5,99.16513
8,99.16513
10,99.16513
11,99.16513
12,99.16513
14,99.16513
15,99.16513
16,99.16513
17,99.16513
19,99.16513
20,99.16513
21,99.16513
22,99.16513
23,99.16513
26,99.16513
28,99.16513
29,99.16513
33,99.16513
35,99.16513
41,99.54484
42,99.54484
43,99.54484
45,99.54484
46,99.54484
51,99.54484
53,99.54484
55,99.54484
56,99.54484
57,99.54484
58,99.54484
59,99.54484
63,99.54484
64,99.54484
65,99.54484
69,99.54484
71,99.54484
72,99.54484
73,99.54484
76,101.074394
77,101.074394
78,101.074394
82,101.074394
83,101.074394
84,101.074394
85,101.074394
87,101.074394
88,101.074394
89,101.074394
91,101.074394
93,101.074394
94,101.074394
95,101.074394
96,101.074394
97,101.074394
98,101.074394
99,101.074394
101,101.074394
103,101.074394
104,101.074394
105,101.074394
110,101.074394
111,101.074394
113,101.074394
114,101.074394
115,101.074394
117,101.074394
120,101.074394
121,101.074394
122,101.074394
123,101.074394
126,99.623695
132,99.623695
135,99.623695
137,99.623695
138,99.623695
140,99.623695
142,99.623695
144,99.623695
148,99.623695
149,99.623695
155,101.84423
156,101.84423
157,101.84423
162,101.84423
163,101.84423
167,101.84423
172,101.84423
179,102.24889
180,102.24889
181,102.24889
182,102.24889
183,102.24889
185,102.24889
187,102.24889
188,102.24889
189,102.24889
191,102.24889
192,102.24889
193,102.24889
194,102.24889
195,102.24889
196,102.24889
198,102.24889
199,102.24889
201,102.24889
204,102.24889
205,102.24889
206,102.24889
210,102.24889
211,102.24889
216,101.20935
219,101.20935
220,101.20935
221,101.20935
226,101.20935
227,101.20935
228,101.20935
230,101.20935
231,101.20935
235,101.20935
236,101.20935
238,101.20935
242,101.20935
243,101.20935
244,101.20935
245,101.20935
247,101.20104
248,101.20104
249,101.20104
250,101.20104
251,101.20104
253,101.20104
254,101.20104
256,101.20104
257,101.20104
258,101.20104
259,101.20104
262,101.20104
266,101.20104
267,101.20104
272,101.20104
273,101.20104
275,101.20104
276,101.20104
279,101.20104
280,101.20104
283,99.903755
285,99.903755
288,99.903755
289,99.903755
290,99.903755
291,99.903755
292,99.903755
293,99.903755
296,99.903755
297,99.903755
298,99.903755
299,99.903755
304,99.903755
305,99.903755
306,99.903755
307,99.903755
311,99.903755
313,99.903755
314,99.903755
316,99.903755
324,100.2364
327,100.2364
329,100.2364
330,100.2364
337,100.2364
338,100.2364
339,100.2364
340,100.2364
343,100.2364
345,101.07904
346,101.07904
347,101.07904
349,101.07904
350,101.07904
352,101.07904
353,101.07904
354,101.07904
357,101.07904
358,101.07904
362,101.07904
364,101.07904
365,101.07904
366,101.07904
367,101.07904
368,101.07904
370,101.07904
373,101.07904
377,101.07904
378,101.07904
382,98.72828
384,98.72828
390,98.72828
392,98.72828
393,98.72828
395,98.72828
396,98.72828
399,98.72828
406,100.25338
408,100.25338
409,100.25338
410,100.25338
412,100.25338
413,100.25338
419,100.25338
420,100.25338
421,100.25338
430,100.25338
434,106.67549
436,106.67549
437,106.67549
438,106.67549
439,106.67549
440,106.67549
443,106.67549
446,106.67549
448,106.67549
452,106.67549
453,106.67549
457,106.67549
458,106.67549
459,106.67549
460,106.67549
462,106.67549
464,106.67549
465,106.67549
467,102.98451
471,102.98451
472,102.98451
473,102.98451
475,102.98451
480,102.98451
488,102.98451
490,103.20404
491,103.20404
492,103.20404
493,103.20404
497,103.20404
498,103.20404
499,103.20404
500,103.20404
501,103.20404
502,103.20404
506,103.20404
510,103.20404
511,103.20404
512,103.20404
516,103.20404
518,103.20404
519,103.20404
521,103.20404
522,103.20404
526,100.323685
529,100.323685
532,100.323685
533,100.323685
536,100.323685
537,100.323685
539,100.323685
540,100.323685
541,100.323685
543,100.323685
546,100.323685
547,100.323685
548,100.323685
551,100.323685
552,100.323685
556,100.323685
557,100.323685
558,100.323685
559,100.323685
560,100.323685
562,98.026024
566,98.026024
570,98.026024
571,98.026024
572,98.026024
573,98.026024
575,98.026024
576,98.026024
577,98.026024
579,98.026024
580,98.026024
581,98.026024
589,98.026024
591,98.47615
593,98.47615
594,98.47615
595,98.47615
598,98.47615
602,98.47615
604,98.47615
606,98.47615
608,98.47615
609,98.47615
610,98.47615
616,98.47615
617,98.47615
618,98.47615
620,98.47615
622,98.47615
623,98.47615
624,98.47615
626,96.61375
628,96.61375
629,96.61375
630,96.61375
637,96.61375
638,96.61375
643,96.61375
645,96.61375
646,96.61375
648,96.61375
652,105.29495
653,105.29495
654,105.29495
656,105.29495
657,105.29495
659,105.29495
660,105.29495
663,105.29495
664,105.29495
666,105.29495
668,105.29495
669,105.29495
671,105.29495
675,105.29495
677,105.29495
678,105.29495
679,105.29495
682,105.29495
685,105.29495
687,105.29495
688,105.29495
693,99.39661
696,99.39661
698,99.39661
701,99.39661
704,99.39661
705,99.39661
709,99.39661
710,99.39661
711,99.39661
712,99.39661
714,99.39661
715,99.39661
716,99.39661
717,99.39661
720,99.23254
721,99.23254
724,99.23254
725,99.23254
726,99.23254
728,99.23254
731,99.23254
734,99.23254
738,99.23254
745,99.23254
746,99.23254
751,100.665825
754,100.665825
756,100.665825
758,100.665825
759,100.665825
761,100.665825
766,100.665825
767,100.665825
768,100.665825
769,100.665825
770,100.665825
771,100.665825
772,100.665825
773,100.665825
774,100.665825
776,100.665825
777,100.665825
780,100.665825
782,100.665825
787,100.665825
788,100.665825
792,100.665825
793,100.665825
798,100.665825
800,100.665825
806,101.52788
809,101.52788
811,101.52788
812,101.52788
814,101.52788
816,101.52788
817,101.52788
818,101.52788
820,101.52788
823,101.52788
829,101.52788
830,101.52788
831,101.52788
834,101.52788
839,101.64494
841,101.64494
844,101.64494
845,101.64494
848,101.64494
850,101.64494
851,101.64494
852,101.64494
854,101.64494
855,101.64494
856,101.64494
859,101.64494
861,101.64494
864,101.64494
865,101.64494
866,101.64494
867,101.64494
869,99.65757
871,99.65757
872,99.65757
882,99.65757
883,99.65757
885,99.65757
888,99.65757
893,98.88666
901,98.88666
903,98.88666
904,98.88666
905,98.88666
910,98.88666
911,98.88666
914,98.88666
918,103.769585
921,103.769585
928,103.769585
929,103.769585
932,103.769585
933,103.769585
934,103.769585
935,103.769585
937,103.769585
939,103.769585
940,103.769585
941,103.769585
942,103.769585
943,103.769585
944,103.769585
947,103.769585
949,103.769585
951,100.3214
952,100.3214
953,100.3214
954,100.3214
957,100.3214
959,100.3214
960,100.3214
963,100.3214
965,100.3214
967,100.3214
971,100.3214
972,100.3214
973,100.3214
974,100.3214
975,100.3214
978,100.3214
980,100.3214
981,100.3214
984,100.3214
986,100.97781
988,100.97781
989,100.97781
990,100.97781
992,100.97781
996,100.97781
999,100.97781
1000,100.97781
1001,100.97781
1002,100.97781
1003,100.97781
1004,100.97781
1008,100.97781
1009,100.97781
1010,100.97781
1012,100.97781
1013,100.97781
1014,100.97781
1015,100.97781
1016,100.97781
1019,100.97781
1020,100.97781
1021,100.97781
1022,100.97781
1024,100.97781
1025,100.97781
1027,100.97781
1028,100.97781
1029,100.97781
1030,100.97781
1033,100.97781
1036,100.97781
1037,100.97781
1038,100.97781
1042,100.97781
1043,100.97781
1044,100.97781
1045,100.97781
1047,100.97781
1050,100.97781
1051,100.97781
1054,100.97781
1056,100.97781
1057,100.97781
1059,100.97781
1062,100.97781
1063,100.97781
1064,100.97781
1066,100.97781
1070,100.97781
1076,100.97781
1077,100.97781
1078,100.97781
1080,100.97781
1082,100.97781
1083,100.97781
1089,100.97781
1091,100.97781
1093,100.97781
1097,99.97626
1099,99.97626
1101,99.97626
1103,99.97626
1104,99.97626
1106,99.97626
1109,99.97626
1110,99.97626
1111,99.97626
1112,99.97626
1114,99.97626
1116,99.97626
1117,99.97626
1120,99.97626
1124,99.97626
1125,99.97626
1126,99.97626
1134,100.499344
1137,100.499344
1138,100.499344
1144,100.499344
1145,100.499344
1146,100.499344
1148,100.499344
1150,100.499344
1152,103.47856
1153,103.47856
1154,103.47856
1155,103.47856
1157,103.47856
1162,103.47856
1165,103.47856
1166,103.47856
1167,103.47856
1168,103.47856
1169,103.47856
1171,103.47856
1172,103.47856
1173,103.47856
1174,103.47856
1176,103.47856
1177,103.47856
1178,103.47856
1182,103.47856
1186,103.47856
1187,103.47856
1188,103.47856
1189,103.47856
1191,103.47856
1192,103.47856
1197,103.47856
1198,103.47856
1200,103.47856
1201,103.47856
1203,103.47856
1209,103.47856
1214,103.47856
1218,103.47856
1222,103.47856
1226,103.47856
1228,103.47856
1230,103.47856
1232,103.47856
1233,103.47856
1236,103.47856
1238,103.47856
1241,103.47856
1244,104.52236
1246,104.52236
1247,104.52236
1250,104.52236
1251,104.52236
1254,104.52236
1255,104.52236
1256,104.52236
1257,104.52236
1258,104.52236
1259,104.52236
1260,104.52236
1263,104.52236
1267,104.52236
1268,104.52236
1271,104.52236
1272,104.52236
1274,104.52236
1275,104.52236
1276,104.52236
1277,104.52236
1279,104.52236
1281,104.52236
1282,104.52236
1283,104.52236
1285,101.74038
1286,101.74038
1289,101.74038
1296,101.74038
1299,101.74038
1301,101.74038
1306,101.74038
1307,101.74038
1308,101.74038
1313,101.74038
1314,101.74038
1315,101.74038
1316,101.74038
1317,101.74038
1319,101.74038
1323,101.74038
1324,101.74038
1325,101.74038
1328,101.74038
1329,101.74038
1330,101.74038
1331,101.74038
1332,101.74038
1337,101.74038
1338,101.74038
1339,101.74038
1340,101.74038
1343,101.74038
1347,101.74038
1348,101.74038
1349,101.74038
1352,101.74038
1354,101.74038
1359,101.74038
1360,101.74038
1363,101.74038
1364,101.74038
1365,101.74038
1366,101.74038
1372,101.74038
1375,99.76075
1376,99.76075
1378,99.76075
1379,99.76075
1380,99.76075
1381,99.76075
1384,99.76075
1387,99.76075
1388,99.76075
1392,99.76075
1394,99.76075
1395,99.76075
1396,99.76075
1398,99.76075
1399,99.76075
1400,99.76075
1401,99.76075
1403,99.76075
1404,99.76075
1406,99.76075
1407,99.76075
1408,99.76075
1410,99.76075
1412,99.76075
1413,99.76075
1415,99.76075
1420,99.76075
1422,99.76075
1423,99.76075
1424,99.76075
1425,99.76075
1426,99.76075
1427,99.76075
1429,99.76075
1430,99.76075
1431,99.76075
1432,99.76075
1434,99.76075
1437,99.76075
1438,99.76075
1440,99.76075
1441,99.76075
1442,99.76075
1444,99.76075
1445,99.76075
1446,99.76075
1448,99.76075
1453,99.76075
1454,99.76075
1455,99.76075
1456,99.76075
1458,102.78132
1459,102.78132
1461,102.78132
1465,102.78132
1466,102.78132
1469,102.78132
1472,102.78132
1474,102.78132
1477,102.78132
1479,102.78132
1482,102.78132
1483,102.78132
1487,99.63987
1488,99.63987
1490,99.63987
1492,99.63987
1494,99.63987
1496,99.63987
1497,99.63987
1499,99.63987
1502,99.63987
1507,99.63987
1508,99.63987
1509,99.63987
1511,99.63987
1512,99.63987
1513,99.63987
1514,99.63987
1518,99.63987
1519,99.63987
1522,101.83369
1524,101.83369
1527,101.83369
1529,101.83369
1532,101.83369
1536,101.83369
1537,101.83369
1539,101.83369
1542,101.83369
1543,101.83369
1544,101.83369
1545,101.83369
1550,102.0449
1551,102.0449
1554,102.0449
1556,102.0449
1559,102.0449
1560,102.0449
1562,102.0449
1566,102.0449
1567,102.0449
1569,102.0449
1570,102.0449
1571,102.0449
1574,102.0449
1578,102.0449
1580,101.03068
1583,101.03068
1584,101.03068
1585,101.03068
1586,101.03068
1587,101.03068
1588,101.03068
1590,101.03068
1592,101.03068
1596,101.03068
1598,101.03068
1599,101.03068
1604,101.03068
1606,101.03068
1607,101.03068
1608,101.03068
1609,101.03068
1611,101.03068
1613,101.03068
1616,102.006485
1619,102.006485
1620,102.006485
1621,102.006485
1622,102.006485
1625,102.006485
1627,102.006485
1629,102.006485
1634,102.006485
1636,102.006485
1638,102.006485
1639,102.006485
1641,102.006485
1643,102.006485
1644,102.006485
1645,102.006485
1646,102.006485
1647,102.006485
1648,102.006485
1652,101.51488
1653,101.51488
1656,101.51488
1658,101.51488
1659,101.51488
1661,101.51488
1663,101.51488
1664,101.51488
1665,101.51488
1666,101.51488
1667,101.51488
1668,101.51488
1669,101.51488
1670,101.51488
1672,101.51488
1674,101.51488
1677,101.51488
1678,101.51488
1679,101.51488
1680,101.51488
1683,101.51488
1686,101.51488
1687,101.51488
1689,101.51488
1690,101.51488
1691,101.51488
1692,101.51488
1693,101.51488
1695,101.21297
1696,101.21297
1697,101.21297
1700,101.21297
1701,101.21297
1702,101.21297
1703,101.21297
1704,101.21297
1706,101.21297
1707,101.21297
1708,101.21297
1710,101.21297
1711,101.21297
1713,101.21297
1717,101.21297
1719,101.21297
1720,101.21297
1722,101.21297
1725,101.21297
1726,101.21297
1727,101.21297
1729,101.21297
1730,101.21297
1731,101.21297
1733,101.21297
1734,101.21297
1735,101.21297
1738,111.22941
1742,111.22941
1745,111.22941
1747,111.22941
1749,111.22941
1751,111.22941
1752,111.22941
1753,111.22941
1754,111.22941
1755,111.22941
1756,111.22941
1758,111.22941
1759,111.22941
1760,111.22941
1761,111.22941
1762,111.22941
1763,111.22941
1764,111.22941
1766,111.22941
1768,111.22941
1769,111.22941
1771,111.22941
1772,111.22941
1773,111.22941
1774,111.22941
1775,111.22941
1777,111.22941
1779,111.22941
1780,111.22941
1787,108.742096
1788,108.742096
1790,108.742096
1796,108.742096
1801,108.742096
1803,108.742096
1807,100.57813
1809,100.57813
1812,100.57813
1813,100.57813
1814,100.57813
1815,100.57813
1816,100.57813
1818,100.57813
1820,100.57813
1821,100.57813
1822,100.57813
1825,100.57813
1826,100.57813
1828,100.57813
1831,100.57813
1836,100.57813
1837,100.57813
1841,99.40705
1844,99.40705
1848,99.40705
1851,99.40705
1852,99.40705
1853,99.40705
1854,99.40705
1856,99.40705
1859,99.40705
1860,99.40705
1861,99.40705
1863,99.40705
1865,99.40705
1866,99.40705
1867,99.40705
1868,99.40705
1872,99.40705
1879,100.01012
1880,100.01012
1882,100.01012
1885,100.01012
1887,100.01012
1888,100.01012
1890,100.01012
1894,100.01012
1895,100.01012
1896,100.01012
1897,100.01012
1900,100.01012
1901,100.01012
1902,100.01012
1905,100.01012
1906,100.01012
1912,100.01012
1915,100.01012
1916,100.01012
1917,100.01012
1918,100.01012
1920,100.01012
1923,100.01012
1924,100.01012
1925,100.01012
1930,100.01012
1932,100.01012
1933,100.01012
1934,100.01012
1935,100.01012
1940,103.550385
1941,103.550385
1942,103.550385
1943,103.550385
1944,103.550385
1945,103.550385
1948,103.550385
1949,103.550385
1952,103.550385
1954,103.550385
1955,103.550385
1958,103.550385
1959,103.550385
1960,103.550385
1963,103.550385
1965,103.550385
1968,103.550385
1969,103.550385
1971,106.235214
1972,106.235214
1973,106.235214
1975,106.235214
1977,106.235214
1978,106.235214
1979,106.235214
1981,106.235214
1982,106.235214
1987,106.235214
1988,106.235214
1993,106.235214
1997,106.235214
1999,106.235214
2001,101.39225
2002,101.39225
2003,101.39225
2004,101.39225
2006,101.39225
2007,101.39225
2009,101.39225
2010,101.39225
2013,101.39225
2018,101.39225
2022,101.39225
2024,101.39225
2025,101.39225
2026,101.39225
2030,101.39225
2031,101.39225
2032,101.39225
2033,101.39225
2035,101.39225
2036,101.39225
2037,101.39225
2040,101.43087
2043,101.43087
2044,101.43087
2046,101.43087
2054,101.43087
2055,101.43087
2056,101.43087
2059,101.43087
2060,101.43087
2062,101.43087
2063,101.43087
2066,101.28265
2067,101.28265
2072,101.28265
2073,101.28265
2074,101.28265
2075,101.28265
2076,101.28265
2080,101.28265
2082,101.28265
2085,101.28265
2087,101.28265
2091,101.28265
2092,101.28265
2093,101.28265
2098,101.33742
2101,101.33742
2102,101.33742
2103,101.33742
2105,101.33742
2106,101.33742
2107,101.33742
2110,101.33742
2114,101.33742
2115,101.33742
2117,101.33742
2118,101.33742
2119,101.33742
2120,101.33742
2122,101.33742
2123,101.33742
2126,101.33742
2127,101.33742
2128,101.33742
2129,101.33742
2132,101.33742
2135,101.28932
2138,101.28932
2139,101.28932
2141,101.28932
2142,101.28932
2146,101.28932
2151,101.28932
2157,101.28932
2159,102.61355
2162,102.61355
2164,102.61355
2167,102.61355
2168,102.61355
2171,102.61355
2173,102.61355
2174,102.61355
2175,102.61355
2178,102.61355
2180,102.61355
2185,102.61355
2189,101.02036
2190,101.02036
2192,101.02036
2194,101.02036
2200,101.02036
2201,101.02036
2203,101.02036
2204,101.02036
2205,101.02036
2209,101.02036
2213,101.02036
2214,101.02036
2215,101.02036
2216,101.02036
2218,102.565926
2219,102.565926
2220,102.565926
2222,102.565926
2223,102.565926
2225,102.565926
2226,102.565926
2230,102.565926
2233,102.565926
2234,102.565926
2235,102.565926
2236,102.565926
2237,102.565926
2240,102.565926
2241,102.565926
2248,102.565926
2249,102.565926
2250,102.565926
2252,104.11749
2253,104.11749
2254,104.11749
2256,104.11749
2258,104.11749
2259,104.11749
2262,104.11749
2265,104.11749
2266,104.11749
2269,104.11749
2271,104.11749
2273,104.11749
2274,104.11749
2275,104.11749
2277,104.11749
2279,104.11749
2280,104.11749
2282,104.11749
2283,104.11749
2288,99.384026
2289,99.384026
2291,99.384026
2292,99.384026
2297,99.384026
2298,99.384026
2299,99.384026
2300,99.384026
2301,99.384026
2304,99.384026
2305,99.384026
2306,99.384026
2308,99.384026
2309,99.384026
2311,99.384026
2312,99.384026
2316,99.384026
2321,101.679
2322,101.679
2325,101.679
2326,101.679
2329,101.679
2330,101.679
2331,101.679
2332,101.679
2333,101.679
2334,101.679
2335,101.679
2337,101.679
2338,101.679
2340,101.679
2342,101.679
2345,101.679
2349,101.679
2351,101.679
2352,101.679
2354,101.679
2355,101.679
2357,101.679
2358,101.679
2360,102.58601
2361,102.58601
2364,102.58601
2366,102.58601
2369,102.58601
2370,102.58601
2371,102.58601
2373,102.58601
2374,102.58601
2376,102.58601
2378,102.58601
2382,102.58601
2383,102.58601
2386,102.58601
2387,102.58601
2389,102.58601
2390,102.58601
2392,102.58601
2398,104.74239
2399,104.74239
2400,104.74239
2401,104.74239
2402,104.74239
2404,104.74239
2407,104.74239
2408,104.74239
2409,104.74239
2412,104.74239
2413,104.74239
2415,104.74239
2420,104.74239
2422,104.74239
2423,104.74239
2426,102.483826
2432,102.483826
2434,102.483826
2435,102.483826
2436,102.483826
2438,102.483826
2440,102.483826
2443,102.483826
2444,102.483826
2447,102.483826
2450,102.483826
2454,102.483826
2455,102.483826
2459,102.483826
2460,102.483826
2463,102.483826
2465,102.483826
2468,102.483826
2469,102.483826
2474,102.483826
2478,102.483826
2480,101.66536
2481,101.66536
2489,101.66536
2490,101.66536
2492,101.66536
2496,101.66536
2497,101.66536
2500,101.66536
2505,102.37937
2507,102.37937
2508,102.37937
2509,102.37937
2510,102.37937
2513,102.37937
2515,102.37937
2518,102.37937
2519,102.37937
2520,102.37937
2521,102.37937
2523,102.37937
2525,102.37937
2529,102.37937
2530,102.37937
2533,102.37937
2535,102.37937
2538,101.51665
2544,101.51665
2553,101.51665
2556,101.51665
2558,103.65247
2559,103.65247
2560,103.65247
2561,103.65247
2562,103.65247
2563,103.65247
2564,103.65247
2565,103.65247
2567,103.65247
2572,103.65247
2575,103.65247
2576,103.65247
2577,103.65247
2578,103.65247
2579,103.65247
2580,103.65247
2582,103.65247
2583,103.65247
2587,103.65247
2589,103.65247
2590,103.65247
2591,103.65247
2594,103.65247
2597,103.65247
2598,103.65247
2599,103.65247
2600,103.65247
2602,99.058174
2603,99.058174
2604,99.058174
2606,99.058174
2607,99.058174
2608,99.058174
2613,99.058174
2614,99.058174
2615,99.058174
2617,99.058174
2620,99.058174
2623,99.058174
2624,99.058174
2627,99.058174
2629,99.058174
2630,99.058174
2632,99.058174
2636,98.849846
2639,98.849846
2640,98.849846
2642,98.849846
2644,98.849846
2646,98.849846
2647,98.849846
2649,98.849846
2650,98.849846
2652,98.849846
2653,98.849846
2655,98.849846
2657,98.849846
2659,98.849846
2662,98.849846
2663,98.849846
2664,98.849846
2665,98.849846
2670,100.30641
2671,100.30641
2672,100.30641
2675,100.30641
2677,100.30641
2679,100.30641
2683,100.30641
2684,100.30641
2685,100.30641
2688,100.30641
2689,100.30641
2690,100.30641
2693,100.30641
2694,100.30641
2697,100.30641
2699,99.17438
2703,99.17438
2705,99.17438
2709,99.17438
2710,99.17438
2711,99.17438
2712,99.17438
2713,99.17438
2714,99.17438
2715,99.17438
2717,99.17438
2718,99.17438
2720,99.17438
2721,99.17438
2726,99.17438
2728,99.17438
2731,99.17438
2732,99.17438
2734,96.712524
2736,96.712524
2737,96.712524
2738,96.712524
2739,96.712524
2746,96.712524
2749,96.712524
2751,96.712524
2752,96.712524
2753,96.712524
2757,96.712524
2758,96.712524
2759,96.712524
2760,96.712524
2762,96.712524
2764,96.712524
2765,96.712524
2769,101.4083
2771,101.4083
2774,101.4083
2776,101.4083
2777,101.4083
2778,101.4083
2779,101.4083
2782,101.4083
2784,101.4083
2787,101.4083
2789,101.4083
2792,101.4083
2798,102.82769
2799,102.82769
2800,102.82769
2801,102.82769
2802,102.82769
2804,102.82769
2807,102.82769
2808,102.82769
2809,102.82769
2811,102.82769
2812,102.82769
2814,102.82769
2816,102.82769
2817,102.82769
2818,102.82769
2820,102.82769
2821,102.82769
2822,102.82769
2823,102.82769
2824,102.82769
2826,102.82769
2829,102.82769
2834,102.82769
2835,102.82769
2838,99.60269
2839,99.60269
2840,99.60269
2841,99.60269
2842,99.60269
2846,99.60269
2848,99.60269
2849,99.60269
2850,99.60269
2851,99.60269
2853,99.60269
2854,99.60269
2858,99.60269
2861,99.60269
2864,99.60269
2865,99.60269
2866,99.60269
2867,99.60269
2868,99.60269
2870,99.60269
2877,101.74822
2878,101.74822
2880,101.74822
2882,101.74822
2883,101.74822
2884,101.74822
2885,101.74822
2887,101.74822
2888,101.74822
2889,101.74822
2890,101.74822
2891,101.74822
2892,101.74822
2893,101.74822
2898,101.74822
2899,101.74822
2900,101.74822
2901,101.74822
2909,97.3476
2910,97.3476
2911,97.3476
2913,97.3476
2914,97.3476
2918,97.3476
2919,97.3476
2920,97.3476
2921,97.3476
2922,97.3476
2923,97.3476
2925,97.3476
2926,97.3476
2927,97.3476
2929,97.3476
2933,97.3476
2934,97.3476
2936,97.3476
2941,97.3476
2942,97.3476
2943,97.3476
2945,97.3476
2950,101.27121
2951,101.27121
2953,101.27121
2954,101.27121
2955,101.27121
2956,101.27121
2960,101.27121
2962,101.27121
2963,101.27121
2964,101.27121
2966,101.27121
2967,101.27121
2968,101.27121
2969,101.27121
2971,101.27121
2972,101.27121
2974,101.27121
2975,101.27121
2977,101.27121
2980,101.27121
2981,101.27121
2983,99.16529
2984,99.16529
2985,99.16529
2986,99.16529
2987,99.16529
2989,99.16529
2990,99.16529
2991,99.16529
2992,99.16529
2995,99.16529
2996,99.16529
3002,99.16529
3004,99.16529
3005,99.16529
3006,99.16529
3010,99.16529
3011,99.16529
3014,99.16529
3015,99.16529
3016,99.16529
3017,99.16529
3018,99.16529
3021,99.16529
3024,101.316895
3028,101.316895
3030,101.316895
3032,101.316895
3039,101.316895
3040,101.316895
3041,101.316895
3043,101.316895
3044,101.316895
3046,101.316895
3055,101.316895
3056,101.316895
3058,101.316895
3059,101.316895
3061,101.316895
3063,101.316895
3066,101.316895
3067,101.316895
3068,101.316895
3069,101.316895
3072,101.316895
3073,101.316895
3074,101.316895
3077,101.316895
3082,102.30008
3084,102.30008
3085,102.30008
3088,102.30008
3091,102.30008
3092,102.30008
3093,102.30008
3094,102.30008
3096,102.30008
3097,102.30008
3098,102.30008
3102,102.30008
3106,102.30008
3109,102.30008
3111,101.53891
3112,101.53891
3113,101.53891
3115,101.53891
3116,101.53891
3117,101.53891
3121,101.53891
3122,101.53891
3123,101.53891
3124,101.53891
3125,101.53891
3126,101.53891
3127,101.53891
3129,101.53891
3130,101.53891
3132,101.53891
3134,101.53891
3135,101.53891
3137,101.53891
3138,101.53891
3140,101.53891
3144,101.53891
3145,101.53891
3146,101.53891
3147,101.53891
3148,101.53891
3149,101.53891
3150,101.53891
3151,101.53891
3152,101.53891
3155,101.53891
3156,101.53891
3159,101.53891
3161,99.92773
3162,99.92773
3163,99.92773
3165,99.92773
3172,99.92773
3173,99.92773
3176,99.92773
3177,99.92773
3179,99.92773
3183,99.92773
3186,99.92773
3187,99.92773
3189,99.83676
3190,99.83676
3192,99.83676
3193,99.83676
3194,99.83676
3197,99.83676
3198,99.83676
3200,99.83676
3201,99.83676
3202,99.83676
3204,99.83676
3205,99.83676
3206,99.83676
3208,99.83676
3210,99.83676
3211,99.83676
3212,99.83676
3213,99.83676
3214,99.83676
3216,99.83676
3219,99.83676
3220,99.83676
3221,99.83676
3226,99.83676
3227,99.83676
3228,99.83676
3229,99.83676
3232,104.1728
3233,104.1728
3234,104.1728
3236,104.1728
3238,104.1728
3239,104.1728
3240,104.1728
3247,104.1728
3249,104.1728
3252,104.1728
3253,104.1728
3254,104.1728
3255,104.1728
3256,104.1728
3257,104.1728
3262,104.1728
3263,104.1728
3264,104.1728
3266,104.1728
3267,104.1728
3269,102.07358
3272,102.07358
3274,102.07358
3275,102.07358
3277,102.07358
3279,102.07358
3280,102.07358
3283,102.07358
3285,102.07358
3287,102.07358
3288,102.07358
3290,102.07358
3291,102.07358
3298,102.07358
3299,102.07358
3302,102.07358
3303,102.07358
3304,102.07358
3307,102.07358
3309,102.07358
3314,102.07358
3316,102.07358
3317,102.07358
3319,102.07358
3320,102.07358
3321,102.07358
3322,102.07358
3324,102.07358
3326,102.07358
3329,102.07358
3330,102.07358
3331,102.07358
3335,102.07358
3337,102.07358
3338,102.07358
3339,102.07358
3340,102.07358
3341,102.07358
3343,102.07358
3346,102.07358
3348,102.07358
3351,102.07358
3352,102.07358
3355,102.07358
3356,102.07358
3358,102.07358
3359,102.07358
3360,102.07358
3371,99.47092
3372,99.47092
3374,99.47092
3377,99.47092
3378,99.47092
3380,99.47092
3382,99.47092
3386,99.47092
3389,99.47092
3391,99.47092
3393,99.269455
3394,99.269455
3395,99.269455
3397,99.269455
3398,99.269455
3399,99.269455
3400,99.269455
3404,99.269455
3407,99.269455
3409,99.269455
3419,101.1736
3421,101.1736
3425,101.1736
3427,101.1736
3428,101.1736
3429,101.1736
3431,101.1736
3435,101.1736
3436,101.1736
3439,101.1736
3441,101.1736
3442,101.1736
3443,101.1736
3444,101.1736
3445,101.1736
3446,101.1736
3449,101.1736
3453,103.00657
3457,103.00657
3460,103.00657
3461,103.00657
3462,103.00657
3464,103.00657
3465,103.00657
3466,103.00657
3467,103.00657
3468,103.00657
3469,103.00657
3470,103.00657
3472,103.00657
3473,103.00657
3475,103.00657
3476,103.00657
3478,103.00657
3479,103.00657
3483,103.00657
3484,103.00657
3485,103.00657
3487,103.00657
3488,103.00657
3496,102.62924
3497,102.62924
3499,102.62924
3500,102.62924
3501,102.62924
3504,102.62924
3508,102.62924
3511,102.62924
3512,102.62924
3515,102.62924
3517,102.62924
3518,102.62924
3526,102.62924
3528,102.62924
3529,102.62924
3530,102.62924
3531,102.62924
3532,102.62924
3533,102.62924
3534,102.62924
3535,102.62924
3536,102.62924
3537,102.62924
3538,102.62924
3539,102.62924
3540,102.62924
3545,102.62924
3546,102.62924
3550,102.62924
3551,102.62924
3553,102.62924
3554,102.62924
3557,101.132675
3558,101.132675
3559,101.132675
3561,101.132675
3562,101.132675
3563,101.132675
3564,101.132675
3565,101.132675
3567,101.132675
3571,101.132675
3572,101.132675
3574,101.132675
3576,101.132675
3577,101.132675
3578,101.132675
3579,101.132675
3583,101.132675
3585,101.132675
3586,101.132675
3587,101.132675
3593,100.12945
3594,100.12945
3595,100.12945
3599,100.12945
3600,100.12945
3601,100.12945
3602,100.12945
3604,100.12945
3609,100.12945
3610,100.12945
3612,100.12945
3614,100.12945
3615,100.12945
3617,100.12945
3618,100.12945
3619,100.12945
3620,100.12945
3621,100.12945
3625,100.12945
3626,100.12945
3630,100.069756
3631,100.069756
3632,100.069756
3633,100.069756
3634,100.069756
3637,100.069756
3639,100.069756
3640,100.069756
3641,100.069756
3644,100.069756
3645,100.069756
3646,100.069756
3647,100.069756
3648,100.069756
3653,100.069756
3654,100.069756
3655,100.069756
3659,100.069756
3660,100.069756
3662,100.069756
3666,100.069756
3668,100.548874
3671,100.548874
3673,100.548874
3674,100.548874
3675,100.548874
3681,100.548874
3682,100.548874
3686,100.548874
3687,100.548874
3692,100.548874
3695,99.668335
3696,99.668335
3699,99.668335
3705,99.668335
3707,99.668335
3708,99.668335
3709,99.668335
3710,99.668335
3712,99.668335
3715,99.668335
3716,99.668335
3720,97.994804
3722,97.994804
3726,97.994804
3728,97.994804
3729,97.994804
3731,97.994804
3735,97.994804
3736,97.994804
3739,97.994804
3741,97.994804
3743,97.994804
3744,97.994804
3745,97.994804
3746,97.994804
3751,100.76805
3753,100.76805
3760,100.76805
3761,100.76805
3762,100.76805
3763,100.76805
3765,100.76805
3768,100.76805
3769,100.76805
3770,100.76805
3773,100.76805
3774,100.76805
3776,100.76805
3778,100.76805
3779,100.76805
3780,100.76805
3781,100.76805
3782,100.76805
3783,100.76805
3784,100.76805
3786,100.76805
3789,98.813965
3790,98.813965
3793,98.813965
3795,98.813965
3797,98.813965
3798,98.813965
3800,98.813965
3804,98.813965
3810,98.813965
3815,99.76626
3816,99.76626
3818,99.76626
3824,99.76626
3828,99.76626
3830,99.76626
3831,99.76626
3832,99.76626
3834,99.76626
3835,99.76626
3836,99.76626
3838,99.76626
3839,99.76626
3840,99.76626
3845,99.61783
3846,99.61783
3847,99.61783
3849,99.61783
3853,99.61783
3855,99.61783
3856,99.61783
3864,99.61783
3865,99.61783
3866,99.61783
3867,99.61783
3868,99.61783
3869,99.61783
3871,99.61783
3875,98.178085
3876,98.178085
3878,98.178085
3879,98.178085
3881,98.178085
3883,98.178085
3884,98.178085
3886,98.178085
3890,98.178085
3893,98.178085
3897,98.178085
3901,98.178085
3902,98.178085
3913,98.178085
3914,98.178085
3916,98.178085
3917,98.178085
3924,98.178085
3925,98.178085
3928,98.30671
3929,98.30671
3932,98.30671
3933,98.30671
3934,98.30671
3935,98.30671
3936,98.30671
3937,98.30671
3938,98.30671
3939,98.30671
3943,98.30671
3944,98.30671
3945,98.30671
3946,98.30671
3947,98.30671
3948,98.30671
3949,98.30671
3950,98.30671
3951,98.30671
3952,98.30671
3953,98.30671
3961,98.30671
3962,98.30671
3966,98.30671
3967,98.30671
3968,98.30671
3969,98.30671
3970,98.30671
3971,98.30671
3973,98.30671
3974,98.30671
3975,98.30671
3977,98.30671
3979,98.30671
3985,98.30671
3986,98.30671
3988,98.30671
3991,98.30671
3992,98.30671
3993,98.30671
3994,98.30671
3995,98.30671
4005,99.71029
4007,99.71029
4008,99.71029
4009,99.71029
4010,99.71029
4011,99.71029
4012,99.71029
4013,99.71029
4015,99.71029
4016,99.71029
4018,99.71029
4025,99.71029
4026,99.71029
4028,99.71029
4029,99.71029
4031,99.71029
4032,99.71029
4033,99.71029
4034,99.71029
4037,100.12497
4038,100.12497
4039,100.12497
4041,100.12497
4042,100.12497
4043,100.12497
4044,100.12497
4045,100.12497
4046,100.12497
4047,100.12497
4048,100.12497
4049,100.12497
4051,100.12497
4052,100.12497
4058,100.12497
4062,100.12497
4064,100.12497
4067,100.12497
4068,100.12497
4070,100.12497
4072,100.12497
4074,100.12497
4075,100.12497
4076,100.12497
4077,100.12497
4078,100.12497
4080,100.2885
4082,100.2885
4085,100.2885
4086,100.2885
4088,100.2885
4089,100.2885
4092,100.2885
4094,100.2885
4095,100.2885
4096,100.2885
4097,100.2885
4102,100.2885
4105,100.2885
4107,100.2885
4111,102.142525
4112,102.142525
4113,102.142525
4114,102.142525
4115,102.142525
4116,102.142525
4117,102.142525
4118,102.142525
4119,102.142525
4120,102.142525
4122,102.142525
4125,102.142525
4126,102.142525
4129,102.142525
4134,102.142525
4137,102.142525
4141,102.142525
4142,102.142525
4144,102.142525
4145,102.142525
4146,102.142525
4150,101.024124
4151,101.024124
4154,101.024124
4156,101.024124
4157,101.024124
4159,101.024124
4160,101.024124
4161,101.024124
4168,101.024124
4171,101.024124
4172,101.024124
4173,101.024124
4175,99.34473
4176,99.34473
4177,99.34473
4178,99.34473
4179,99.34473
4181,99.34473
4183,99.34473
4184,99.34473
4185,99.34473
4186,99.34473
4188,99.34473
4190,99.34473
4192,99.34473
4193,99.34473
4194,99.34473
4195,99.34473
4196,99.34473
4202,99.34473
4203,99.34473
4208,99.34473
4209,99.34473
4210,99.34473
4211,99.34473
4212,99.34473
4214,99.34473
4215,99.34473
4216,99.34473
4217,99.34473
4219,99.34473
4222,98.72415
4224,98.72415
4231,98.72415
4232,98.72415
4234,98.72415
4236,98.72415
4237,98.72415
4240,98.72415
4242,98.72415
4243,98.72415
4247,98.72415
4248,98.72415
4249,98.72415
4254,98.24461
4263,98.24461
4265,98.24461
4267,98.24461
4268,98.24461
4271,99.631355
4272,99.631355
4273,99.631355
4274,99.631355
4276,99.631355
4278,99.631355
4280,99.631355
4281,99.631355
4283,99.631355
4284,99.631355
4285,99.631355
4286,99.631355
4287,99.631355
4288,99.631355
4289,99.631355
4290,99.631355
4293,99.631355
4296,99.631355
4297,99.631355
4299,99.631355
4303,99.631355
4310,98.983025
4312,98.983025
4318,98.983025
4320,98.983025
4322,98.983025
4323,98.983025
4325,98.983025
4326,98.983025
4328,98.983025
4330,98.983025
4332,98.983025
4333,98.983025
4335,98.983025
4336,98.983025
4338,98.983025
4341,98.983025
4342,98.983025
4344,98.983025
4347,98.983025
4348,98.983025
4351,98.983025
4352,98.983025
4353,98.983025
4355,98.983025
4356,98.983025
4359,98.983025
4360,98.983025
4361,98.983025
4364,98.983025
4365,98.983025
4368,98.983025
4372,98.983025
4374,98.983025
4376,98.28315
4377,98.28315
4380,98.28315
4383,98.28315
4384,98.28315
4385,98.28315
4389,98.28315
4391,98.28315
4392,98.28315
4393,98.28315
4395,98.28315
4396,98.28315
4398,98.28315
4399,98.28315
4401,98.28315
4406,98.552795
4408,98.552795
4412,98.552795
4415,98.552795
4418,98.552795
4419,98.552795
4420,98.552795
4422,98.552795
4423,98.552795
4425,98.552795
4428,98.552795
4431,98.552795
4434,98.552795
4436,98.552795
4437,98.552795
4439,98.552795
4440,98.552795
4441,98.552795
4444,98.552795
4445,98.552795
4446,98.552795
4447,98.552795
4452,98.552795
4456,98.552795
4457,98.552795
4458,98.552795
4460,98.552795
4461,98.552795
4462,98.552795
4465,98.552795
4466,98.552795
4468,98.552795
4469,98.552795
4472,104.06013
4475,104.06013
4478,104.06013
4479,104.06013
4480,104.06013
4483,104.06013
4484,104.06013
4485,104.06013
4486,104.06013
4488,104.06013
4489,104.06013
4490,104.06013
4491,104.06013
4492,104.06013
4493,104.06013
4494,104.06013
4495,104.06013
4498,104.06013
4499,104.06013
4500,104.06013
4503,104.06013
4505,104.06013
4506,104.06013
4507,104.06013
4508,104.06013
4510,104.06013
4511,104.06013
4513,104.06013
4516,104.06013
4519,104.06013
4521,104.06013
4531,104.06013
4532,104.06013
4533,104.06013
4534,104.06013
4536,104.06013
4537,104.06013
4539,104.06013
4542,104.06013
4545,104.06013
4549,104.06013
4551,104.06013
4554,104.06013
4556,104.06013
4559,104.06013
4561,104.06013
4562,104.06013
4566,104.06013
4569,98.0943
4570,98.0943
4573,98.0943
4574,98.0943
4575,98.0943
4577,98.0943
4578,98.0943
4580,98.0943
4582,98.0943
4583,98.0943
4585,98.0943
4587,98.0943
4595,98.0943
4596,98.0943
4601,102.10763
4602,102.10763
4603,102.10763
4605,102.10763
4606,102.10763
4607,102.10763
4608,102.10763
4610,102.10763
4613,102.10763
4617,102.10763
4618,102.10763
4619,102.10763
4620,102.10763
4622,102.10763
4625,102.10763
4626,102.10763
4627,102.10763
4629,102.10763
4631,102.10763
4633,102.10763
4634,102.10763
4635,102.10763
4639,99.53237
4640,99.53237
4642,99.53237
4644,99.53237
4646,99.53237
4647,99.53237
4648,99.53237
4649,99.53237
4650,99.53237
4655,99.53237
4660,99.53237
4661,99.53237
4662,99.53237
4663,99.53237
4665,99.53237
4666,99.53237
4667,99.53237
4668,99.53237
4670,99.53237
4671,99.53237
4672,99.53237
4673,99.53237
4675,99.53237
4676,99.53237
4677,99.53237
4680,99.53237
4682,97.84662
4683,97.84662
4685,97.84662
4686,97.84662
4688,97.84662
4690,97.84662
4692,97.84662
4693,97.84662
4697,97.84662
4700,97.84662
4702,97.84662
4707,97.84662
4708,97.84662
4710,97.84662
4716,103.660355
4717,103.660355
4718,103.660355
4720,103.660355
4721,103.660355
4723,103.660355
4726,103.660355
4727,103.660355
4729,103.660355
4731,103.660355
4732,103.660355
4735,103.660355
4736,103.660355
4737,103.660355
4738,103.660355
4739,103.660355
4744,103.56934
4747,103.56934
4749,103.56934
4750,103.56934
4752,103.56934
4755,103.56934
4756,103.56934
4757,103.56934
4758,103.56934
4759,103.56934
4763,103.56934
4764,103.56934
4765,103.56934
4766,103.56934
4767,103.56934
4769,103.56934
4770,103.56934
4771,103.56934
4772,103.56934
4774,103.56934
4776,103.56934
4777,103.56934
4778,103.56934
4780,103.56934
4784,102.92733
4786,102.92733
4787,102.92733
4788,102.92733
4789,102.92733
4791,102.92733
4792,102.92733
4795,102.92733
4796,102.92733
4803,102.92733
4805,102.92733
4807,102.92733
4809,102.92733
4816,105.41571
4817,105.41571
4818,105.41571
4820,105.41571
4821,105.41571
4823,105.41571
4824,105.41571
4825,105.41571
4829,105.41571
4830,105.41571
4831,105.41571
4833,105.41571
4836,105.41571
4837,105.41571
4838,105.41571
4840,105.41571
4841,105.41571
4842,105.41571
4843,105.41571
4844,105.41571
4849,105.41571
4851,105.41571
4852,105.41571
4858,102.8979
4860,102.8979
4863,102.8979
4864,102.8979
4865,102.8979
4867,102.8979
4868,102.8979
4869,102.8979
4873,102.8979
4875,102.8979
4876,102.8979
4877,102.8979
4878,102.8979
4880,102.8979
4886,104.488014
4888,104.488014
4889,104.488014
4890,104.488014
4893,104.488014
4895,104.488014
4896,104.488014
4899,104.488014
4901,104.488014
4902,104.488014
4903,104.488014
4904,104.488014
4910,104.488014
4912,104.488014
4915,101.96398
4916,101.96398
4917,101.96398
4920,101.96398
4927,101.96398
4928,101.96398
4931,101.96398
4934,101.96398
4936,101.96398
4939,100.73038
4942,100.73038
4943,100.73038
4944,100.73038
4945,100.73038
4947,100.73038
4948,100.73038
4951,100.73038
4952,100.73038
4953,100.73038
4956,100.73038
4957,100.73038
4958,100.73038
4960,100.73038
4968,100.73038
4969,100.73038
4971,102.41219
4973,102.41219
4975,102.41219
4976,102.41219
4978,102.41219
4979,102.41219
4982,102.41219
4983,102.41219
4984,102.41219
4985,102.41219
4986,102.41219
4987,102.41219
4988,102.41219
4994,102.41219
4995,102.41219
5002,102.41219
5004,102.28654
5005,102.28654
5006,102.28654
5007,102.28654
5009,102.28654
5011,102.28654
5014,102.28654
5015,102.28654
5018,102.28654
5019,102.28654
5020,102.28654
5021,102.28654
5022,102.28654
5023,102.28654
5025,102.28654
5032,102.28654
5034,102.28654
5036,102.28654
5038,98.88525
5039,98.88525
5046,98.88525
5049,98.88525
5051,98.88525
5052,98.88525
5053,98.88525
5054,98.88525
5055,98.88525
5057,98.88525
5059,98.88525
5062,98.88525
5063,98.88525
5065,98.88525
5069,101.4625
5071,101.4625
5074,101.4625
5075,101.4625
5076,101.4625
5077,101.4625
5079,101.4625
5080,101.4625
5081,101.4625
5083,101.4625
5088,101.4625
5089,101.4625
5093,101.4625
5094,101.4625
5095,101.4625
5099,101.4625
5101,101.4625
5103,101.4625
5104,101.4625
5105,101.4625
5107,101.4625
5108,101.4625
5109,101.4625
5111,101.4625
5112,101.4625
5113,101.4625
5114,101.4625
5115,101.4625
5118,101.4625
5122,101.4625
5123,101.4625
5125,101.4625
5127,101.4625
5128,101.4625
5129,101.4625
5132,101.4625
5134,101.4625
5135,101.4625
5137,101.4625
5142,101.4625
5143,101.4625
5144,101.4625
5148,101.4625
5149,101.4625
5150,101.4625
5154,101.4625
5155,101.4625
5159,101.4625
5164,101.4625
5165,101.4625
5166,101.4625
5167,101.4625
5169,101.4625
5171,100.94364
5172,100.94364
5176,100.94364
5184,100.94364
5185,100.94364
5186,100.94364
5188,100.94364
5189,100.94364
5190,100.94364
5191,100.94364
5193,100.94364
5196,100.94364
5199,100.94364
5200,100.94364
5203,101.30351
5204,101.30351
5205,101.30351
5207,101.30351
5208,101.30351
5212,101.30351
5214,101.30351
5218,101.30351
5220,101.30351
5222,101.30351
5224,101.30351
5225,101.30351
5227,101.30351
5229,101.30351
5232,101.30351
5233,101.30351
5234,101.30351
5237,101.30351
5239,101.30351
5240,101.30351
5241,101.30351
5244,101.30351
5248,101.30351
5251,101.30351
5253,101.30351
5255,101.30351
5256,101.30351
5257,101.30351
5259,101.30351
5260,101.30351
5266,101.375404
5268,101.375404
5275,101.375404
5276,101.375404
5277,101.375404
5279,101.375404
5280,101.375404
5281,101.375404
5283,101.375404
5284,101.375404
5285,101.375404
5286,101.375404
5287,101.375404
5289,101.375404
5290,101.375404
5292,101.375404
5293,101.375404
5294,101.375404
5297,101.375404
5299,101.375404
5302,101.375404
5305,101.375404
5306,101.375404
5308,101.375404
5309,101.375404
5310,101.375404
5312,101.375404
5316,101.375404
5317,101.375404
5319,101.375404
5320,101.375404
5323,101.375404
5329,100.76946
5331,100.76946
5334,100.76946
5336,100.76946
5338,100.76946
5341,100.76946
5345,100.76946
5348,100.76946
5349,100.76946
5355,100.76946
5356,100.76946
5360,100.76946
5362,100.76946
5364,100.76946
5366,100.76946
5367,100.76946
5368,100.76946
5370,100.76946
5371,100.76946
5373,100.76946
5375,100.76946
5376,100.76946
5378,100.76946
5379,100.76946
5383,100.76946
5384,100.76946
5389,100.92133
5391,100.92133
5393,100.92133
5395,100.92133
5397,100.92133
5398,100.92133
5399,100.92133
5401,100.92133
5402,100.92133
5403,100.92133
5404,100.92133
5407,100.92133
5408,100.92133
5413,100.92133
5414,100.92133
5417,100.92133
5418,100.92133
5420,100.92133
5421,100.92133
5424,100.92133
5425,100.92133
5426,100.92133
5429,100.08932
5431,100.08932
5437,100.08932
5440,100.08932
5444,100.08932
5446,100.08932
5447,100.08932
5451,107.28556
5452,107.28556
5455,107.28556
5456,107.28556
5458,107.28556
5459,107.28556
5460,107.28556
5462,107.28556
5463,107.28556
5464,107.28556
5465,107.28556
5466,107.28556
5467,107.28556
5468,107.28556
5469,107.28556
5472,107.28556
5474,107.28556
5475,107.28556
5476,107.28556
5479,107.28556
5480,107.28556
5482,107.28556
5485,107.28556
5486,107.28556
5488,107.28556
5495,102.29675
5496,102.29675
5497,102.29675
5499,102.29675
5503,102.29675
5504,102.29675
5507,102.29675
5509,102.29675
5511,102.29675
5512,102.29675
5516,102.29675
5517,102.29675
5518,102.29675
5521,102.29675
5522,102.29675
5527,102.29675
5528,102.29675
5529,102.29675
5532,102.29675
5533,102.29675
5535,102.29675
5536,102.29675
5540,102.29675
5547,102.29675
5548,102.29675
5550,102.29675
5551,102.29675
5554,102.29675
5555,102.29675
5559,102.29675
5560,102.29675
5561,102.29675
5562,102.29675
5563,102.29675
5565,102.29675
5566,102.29675
5567,102.29675
5568,102.29675
5572,102.29675
5574,102.29675
5576,102.29675
5579,102.29675
5580,102.29675
5581,102.29675
5583,102.29675
5584,102.29675
5586,102.29675
5587,102.29675
5589,97.611305
5591,97.611305
5592,97.611305
5593,97.611305
5594,97.611305
5595,97.611305
5596,97.611305
5597,97.611305
5598,97.611305
5599,97.611305
5602,97.611305
5603,97.611305
5605,97.611305
5607,97.611305
5608,97.611305
5609,97.611305
5610,97.611305
5612,97.611305
5613,97.611305
5614,97.611305
5616,97.611305
5621,97.611305
5623,97.611305
5628,97.611305
5629,97.611305
5631,97.611305
5633,97.611305
5638,97.611305
5639,97.611305
5640,97.611305
5645,97.611305
5646,97.611305
5649,97.611305
5653,97.611305
5655,97.611305
5656,97.611305
5658,97.611305
5662,102.574455
5663,102.574455
5667,102.574455
5670,102.574455
5671,102.574455
5672,102.574455
5673,102.574455
5674,102.574455
5675,102.574455
5676,102.574455
5679,102.574455
5683,102.574455
5687,102.574455
5688,102.574455
5690,102.574455
5691,102.574455
5692,102.574455
5693,102.574455
5694,102.574455
5697,105.41202
5698,105.41202
5699,105.41202
5704,105.41202
5707,105.41202
5709,105.41202
5710,105.41202
5714,105.41202
5718,103.38345
5721,103.38345
5723,103.38345
5724,103.38345
5725,103.38345
5726,103.38345
5729,103.38345
5730,103.38345
5731,103.38345
5733,103.38345
5736,103.38345
5741,103.38345
5745,103.38345
5747,103.38345
5748,103.38345
5750,108.666954
5751,108.666954
5752,108.666954
5754,108.666954
5755,108.666954
5757,108.666954
5758,108.666954
5760,108.666954
5762,108.666954
5766,108.666954
5768,108.666954
5769,108.666954
5770,108.666954
5771,108.666954
5772,108.666954
5773,108.666954
5774,108.666954
5776,108.666954
5777,108.666954
5778,108.666954
5780,108.666954
5782,108.666954
5783,108.666954
5784,108.666954
5786,108.666954
5788,108.666954
5789,108.666954
5790,108.666954
5791,108.666954
5793,108.666954
5794,108.666954
5796,108.666954
5797,108.666954
5801,102.6624
5803,102.6624
5804,102.6624
5805,102.6624
5806,102.6624
5808,102.6624
5813,102.6624
5815,102.6624
5816,102.6624
5822,102.6624
5823,102.6624
5825,102.6624
5827,102.6624
5829,99.281685
5830,99.281685
5831,99.281685
5832,99.281685
5833,99.281685
5837,99.281685
5838,99.281685
5839,99.281685
5842,99.281685
5844,99.281685
5845,99.281685
5846,99.281685
5848,99.281685
5850,99.281685
5851,99.281685
5853,99.281685
5854,99.281685
5858,99.281685
5860,99.281685
5864,96.33838
5866,96.33838
5867,96.33838
5868,96.33838
5869,96.33838
5870,96.33838
5871,96.33838
5874,96.33838
5876,96.33838
5877,96.33838
5878,96.33838
5879,96.33838
5880,96.33838
5884,96.33838
5886,96.33838
5890,96.33838
5896,96.33838
5897,96.33838
5898,96.33838
5901,96.33838
5903,96.33838
5906,96.33838
5908,96.33838
5909,96.33838
5910,96.33838
5911,96.33838
5912,96.33838
5914,96.33838
5919,96.33838
5924,96.33838
5926,96.33838
5929,98.87382
5930,98.87382
5932,98.87382
5933,98.87382
5934,98.87382
5935,98.87382
5936,98.87382
5937,98.87382
5938,98.87382
5939,98.87382
5942,98.87382
5943,98.87382
5944,98.87382
5946,98.87382
5951,98.87382
5953,98.87382
5954,98.87382
5957,98.87382
5961,98.87382
5962,98.87382
5964,99.6722
5965,99.6722
5968,99.6722
5969,99.6722
5974,99.6722
5975,99.6722
5978,99.6722
5981,99.6722
5982,99.6722
5983,99.6722
5989,99.6722
5991,99.6722
5992,99.6722
5995,99.6722
5996,99.6722
5997,99.6722
5998,99.6722
5999,99.6722
6001,99.6722
6002,99.6722
6003,99.6722
6004,99.6722
6006,99.6722
6007,99.6722
6011,99.6722
6012,99.6722
6014,99.6722
6015,99.6722
6016,99.6722
6017,99.6722
6018,99.6722
6024,99.6722
6025,99.6722
6026,99.6722
6028,99.6722
6029,99.6722
6030,99.6722
6036,99.2695
6040,99.2695
6041,99.2695
6042,99.2695
6044,99.2695
6045,99.2695
6047,99.2695
6048,99.2695
6049,99.2695
6051,99.2695
6052,99.2695
6053,99.2695
6054,99.2695
6058,99.2695
6059,99.2695
6062,99.2695
6063,99.2695
6064,99.2695
6065,99.2695
6067,99.2695
6068,99.2695
6070,99.2695
6071,99.2695
6072,99.2695
6080,102.43161
6081,102.43161
6084,102.43161
6087,102.43161
6089,102.43161
6092,102.43161
6094,102.43161
6095,102.43161
6097,102.43161
6100,100.64023
6104,100.64023
6105,100.64023
6106,100.64023
6107,100.64023
6108,100.64023
6109,100.64023
6110,100.64023
6114,100.64023
6116,100.64023
6117,100.64023
6118,100.64023
6123,100.64023
6125,100.64023
6128,100.64023
6130,100.64023
6132,100.64023
6137,98.699646
6139,98.699646
6140,98.699646
6141,98.699646
6142,98.699646
6144,98.699646
6145,98.699646
6146,98.699646
6149,98.699646
6156,98.699646
6159,98.699646
6160,98.699646
6162,97.66436
6164,97.66436
6165,97.66436
6168,97.66436
6169,97.66436
6170,97.66436
6171,97.66436
6172,97.66436
6173,97.66436
6176,97.66436
6177,97.66436
6178,97.66436
6180,97.66436
6181,97.66436
6182,97.66436
6185,97.66436
6186,97.66436
6188,97.66436
6189,97.66436
6192,97.66436
6193,97.66436
6194,97.66436
6195,97.66436
6196,97.66436
6197,97.66436
6201,97.66436
6202,97.66436
6203,97.66436
6204,97.66436
6207,103.99304
6209,103.99304
6210,103.99304
6211,103.99304
6213,103.99304
6216,103.99304
6217,103.99304
6219,103.99304
6222,103.99304
6223,103.99304
6235,100.89792
6240,100.89792
6242,100.89792
6247,100.89792
6251,100.89792
6254,100.89792
6255,100.89792
6260,101.36329
6261,101.36329
6262,101.36329
6264,101.36329
6269,101.36329
6271,101.36329
6275,101.36329
6276,101.36329
6278,101.36329
6279,101.36329
6281,101.36329
6284,101.36329
6286,101.36329
6287,101.36329
6288,101.36329
6292,101.36329
6293,101.36329
6295,101.36329
6298,101.36329
6300,101.36329
6304,101.36329
6308,101.36329
6310,101.36329
6312,101.36329
6320,103.06861
6324,103.06861
6325,103.06861
6330,103.06861
6336,99.700134
6340,99.700134
6341,99.700134
6342,99.700134
6344,99.700134
6345,99.700134
6347,99.700134
6348,99.700134
6349,99.700134
6351,99.700134
6353,99.700134
6354,99.700134
6357,99.700134
6358,99.700134
6360,99.700134
6363,99.700134
6364,99.700134
6368,101.59885
6370,101.59885
6371,101.59885
6377,101.59885
6379,101.59885
6381,101.59885
6382,101.59885
6383,101.59885
6388,101.59885
6390,101.59885
6392,101.59885
6393,101.59885
6395,101.59885
6398,101.170654
6401,101.170654
6402,101.170654
6403,101.170654
6405,101.170654
6406,101.170654
6407,101.170654
6409,101.170654
6411,101.170654
6413,101.170654
6416,101.170654
6417,101.170654
6418,101.170654
6419,101.170654
6420,101.170654
6426,101.170654
6429,101.170654
6430,101.170654
6431,101.170654
6432,101.170654
6434,101.170654
6437,101.170654
6438,101.170654
6439,101.170654
6440,101.170654
6441,101.170654
6442,101.170654
6443,101.170654
6445,101.170654
6448,101.170654
6450,101.170654
6453,101.170654
6455,101.170654
6457,101.170654
6458,101.170654
6461,101.170654
6464,101.170654
6467,100.47212
6469,100.47212
6470,100.47212
6471,100.47212
6473,100.47212
6474,100.47212
6479,100.47212
6481,100.47212
6484,100.47212
6495,98.54837
6496,98.54837
6505,98.54837
6506,98.54837
6508,98.54837
6509,98.54837
6510,98.54837
6512,98.54837
6513,98.54837
6514,98.54837
6515,98.54837
6519,98.54837
6521,97.123985
6523,97.123985
6525,97.123985
6526,97.123985
6528,97.123985
6529,97.123985
6531,97.123985
6533,97.123985
6534,97.123985
6535,97.123985
6536,97.123985
6537,97.123985
6540,97.123985
6541,97.123985
6547,97.123985
6548,97.123985
6551,97.123985
6553,97.123985
6555,97.123985
6556,97.123985
6561,97.55691
6564,97.55691
6565,97.55691
6568,97.55691
6569,97.55691
6573,97.55691
6574,97.55691
6577,97.55691
6579,97.55691
6581,97.55691
6582,97.55691
6585,98.83071
6586,98.83071
6589,98.83071
6590,98.83071
6593,98.83071
6594,98.83071
6595,98.83071
6599,98.83071
6600,98.83071
6601,98.83071
6602,98.83071
6603,98.83071
6604,98.83071
6607,98.83071
6608,98.83071
6609,98.83071
6611,98.83071
6613,98.83071
6614,98.83071
6616,98.83071
6617,98.83071
6618,98.83071
6619,98.83071
6621,98.83071
6627,100.70883
6629,100.70883
6631,100.70883
6634,100.70883
6636,100.70883
6638,100.70883
6639,100.70883
6641,100.70883
6642,100.70883
6651,100.70883
6654,102.07464
6657,102.07464
6663,102.07464
6665,102.07464
6666,102.07464
6668,102.07464
6669,102.07464
6670,102.07464
6671,102.07464
6673,102.07464
6675,102.07464
6676,102.07464
6677,102.07464
6679,102.07464
6680,102.07464
6681,102.07464
6685,101.88202
6688,101.88202
6689,101.88202
6690,101.88202
6692,101.88202
6693,101.88202
6694,101.88202
6698,101.88202
6699,101.88202
6700,101.88202
6701,101.88202
6702,101.88202
6704,101.88202
6707,101.88202
6712,101.88202
6713,101.88202
6715,101.88202
6721,102.4416
6722,102.4416
6723,102.4416
6724,102.4416
6725,102.4416
6731,102.4416
6735,102.4416
6736,102.4416
6737,102.4416
6738,102.4416
6739,102.4416
6741,102.4416
6743,102.4416
6745,102.4416
6747,102.4416
6749,99.87454
6750,99.87454
6751,99.87454
6752,99.87454
6753,99.87454
6755,99.87454
6756,99.87454
6757,99.87454
6759,99.87454
6761,99.87454
6763,99.87454
6764,99.87454
6765,99.87454
6766,99.87454
6768,99.87454
6771,99.87454
6773,99.87454
6774,99.87454
6778,99.87454
6779,99.87454
6781,99.87454
6784,99.87454
6786,99.87454
6787,99.87454
6790,98.16331
6793,98.16331
6795,98.16331
6798,98.16331
6806,98.16331
6807,98.16331
6810,98.16331
6815,98.16331
6816,98.16331
6817,98.16331
6818,98.16331
6819,98.16331
6820,98.16331
6822,98.16331
6823,98.16331
6824,98.16331
6825,98.16331
6828,98.16331
6829,98.16331
6831,98.16331
6832,98.16331
6833,98.16331
6834,98.16331
6836,98.16331
6837,98.16331
6838,98.16331
6840,98.16331
6843,98.16331
6845,98.16331
6846,98.16331
6847,98.16331
6851,98.16331
6852,98.16331
6853,98.16331
6858,101.35297
6861,101.35297
6863,101.35297
6864,101.35297
6865,101.35297
6866,101.35297
6867,101.35297
6868,101.35297
6869,101.35297
6870,101.35297
6874,101.35297
6875,101.35297
6877,101.35297
6878,101.35297
6880,101.35297
6883,101.35297
6884,101.35297
6886,101.35297
6890,101.35297
6893,97.72034
6894,97.72034
6899,97.72034
6900,97.72034
6904,97.72034
6905,97.72034
6906,97.72034
6910,97.72034
6912,97.72034
6913,97.72034
6920,96.781555
6922,96.781555
6923,96.781555
6926,96.781555
6927,96.781555
6928,96.781555
6931,96.781555
6933,96.781555
6936,96.781555
6937,96.781555
6939,96.781555
6941,96.781555
6942,96.781555
6943,96.781555
6944,96.781555
6945,96.781555
6946,96.781555
6947,96.781555
6949,96.781555
6951,96.781555
6953,96.781555
6954,96.781555
6955,96.781555
6963,96.869095
6964,96.869095
6966,96.869095
6968,96.869095
6970,96.869095
6972,96.869095
6976,96.869095
6978,96.869095
6981,96.869095
6985,99.189926
6986,99.189926
6987,99.189926
6989,99.189926
6991,99.189926
6993,99.189926
6994,99.189926
6995,99.189926
6996,99.189926
6997,99.189926
6998,99.189926
7001,99.189926
7003,99.189926
7006,99.189926
7008,99.189926
7010,99.189926
7011,99.189926
7012,99.189926
7013,99.189926
7014,99.189926
7017,99.189926
7018,99.189926
7019,99.189926
7023,100.125595
7024,100.125595
7025,100.125595
7026,100.125595
7027,100.125595
7028,100.125595
7030,100.125595
7031,100.125595
7033,100.125595
7036,100.125595
7037,100.125595
7039,100.125595
7044,100.125595
7045,100.125595
7046,100.125595
7049,100.125595
7050,100.125595
7051,100.125595
7054,100.125595
7055,100.125595
7057,100.125595
7060,100.125595
7061,100.125595
7063,100.125595
7064,100.125595
7067,100.125595
7071,100.125595
7074,100.125595
7075,100.125595
7078,100.125595
7079,100.125595
7080,100.125595
7081,100.125595
7082,100.125595
7083,100.125595
7085,100.125595
7092,99.73665
7094,99.73665
7100,99.73665
7101,99.73665
7102,99.73665
7104,99.73665
7105,99.73665
7106,99.73665
7107,99.73665
7108,99.73665
7109,99.73665
7110,99.73665
7112,99.73665
7113,99.73665
7114,99.73665
7116,99.73665
7117,99.73665
7118,99.73665
7120,99.73665
7121,99.73665
7123,99.73665
7124,99.73665
7127,99.73665
7131,99.1534
7132,99.1534
7133,99.1534
7134,99.1534
7135,99.1534
7136,99.1534
7137,99.1534
7141,99.1534
7144,99.1534
7147,99.1534
7148,99.1534
7150,99.1534
7151,99.1534
7152,99.1534
7154,99.1534
7156,99.1534
7157,99.1534
7159,99.1534
7161,99.1534
7163,99.1534
7164,99.1534
7167,99.1534
7169,99.1534
7170,99.1534
7173,99.23004
7174,99.23004
7177,99.23004
7178,99.23004
7179,99.23004
7180,99.23004
7181,99.23004
7182,99.23004
7184,99.23004
7185,99.23004
7186,99.23004
7187,99.23004
7188,99.23004
7189,99.23004
7191,99.23004
7193,99.23004
7197,99.23004
7199,99.23004
7200,99.23004
7201,99.23004
7204,99.23004
7207,99.23004
7209,99.23004
7210,99.23004
7211,99.23004
7213,99.128174
7214,99.128174
7216,99.128174
7217,99.128174
7220,99.128174
7224,99.128174
7225,99.128174
7226,99.128174
7227,99.128174
7234,99.128174
7236,99.128174
7239,99.128174
7240,99.128174
7242,99.128174
7244,99.16245
7245,99.16245
7247,99.16245
7248,99.16245
7249,99.16245
7250,99.16245
7251,99.16245
7252,99.16245
7253,99.16245
7256,99.16245
7260,99.16245
7261,99.16245
7264,99.16245
7269,99.16245
7270,99.16245
7273,99.16245
7279,99.736336
7281,99.736336
7284,99.736336
7285,99.736336
7286,99.736336
7287,99.736336
7289,99.736336
7292,99.736336
7293,99.736336
7296,99.736336
7297,99.736336
7298,99.736336
7299,99.736336
7301,99.736336
7304,99.736336
7306,99.736336
7308,103.11352
7309,103.11352
7312,103.11352
7313,103.11352
7314,103.11352
7316,103.11352
7319,103.11352
7321,103.11352
7323,103.11352
7324,103.11352
7325,103.11352
7328,103.11352
7330,103.11352
7334,103.11352
7337,103.11352
7338,103.11352
7339,103.11352
7341,103.11352
7342,103.11352
7344,98.82095
7345,98.82095
7347,98.82095
7349,98.82095
7350,98.82095
7353,98.82095
7355,98.82095
7356,98.82095
7357,98.82095
7358,98.82095
7360,98.82095
7363,98.82095
7364,98.82095
7366,98.82095
7368,98.82095
7369,98.82095
7370,98.82095
7373,98.82095
7374,98.82095
7375,98.82095
7377,98.82095
7379,98.82095
7380,98.82095
7382,98.82095
7383,98.82095
7385,98.82095
7386,98.82095
7391,98.82095
7394,98.82095
7396,98.82095
7397,98.82095
7399,98.82095
7400,98.82095
7403,98.82095
7405,98.82095
7408,98.82095
7414,98.82095
7416,98.82095
7417,98.82095
7419,98.82095
7420,98.82095
7421,98.82095
7422,98.82095
7423,98.82095
7425,98.82095
7430,98.82095
7432,98.82095
7433,98.82095
7434,98.82095
7436,98.82095
7437,98.82095
7438,98.82095
7440,98.82095
7441,98.82095
7442,98.82095
7445,98.82095
7446,98.82095
7448,98.82095
7450,98.82095
7451,98.82095
7454,97.116196
7455,97.116196
7457,97.116196
7459,97.116196
7462,97.116196
7464,97.116196
7465,97.116196
7466,97.116196
7467,97.116196
7469,97.116196
7472,97.116196
7473,97.116196
7479,97.116196
7480,97.116196
7484,101.37711
7491,101.37711
7494,101.37711
7495,101.37711
7501,101.37711
7503,101.37711
7504,101.37711
7505,101.37711
7508,98.80254
7509,98.80254
7510,98.80254
7511,98.80254
7515,98.80254
7516,98.80254
7517,98.80254
7518,98.80254
7519,98.80254
7521,98.80254
7522,98.80254
7524,98.80254
7526,98.80254
7527,98.80254
7528,98.80254
7529,98.80254
7534,98.80254
7537,98.80254
7538,98.80254
7540,98.80254
7541,98.80254
7545,98.80254
7551,98.80254
7553,98.80254
7554,98.80254
7555,98.80254
7561,98.80254
7562,98.80254
7564,98.80254
7565,98.80254
7566,98.80254
7567,98.80254
7569,98.80254
7570,98.80254
7571,98.80254
7572,98.80254
7574,98.80254
7578,99.35409
7579,99.35409
7586,99.35409
7587,99.35409
7590,99.35409
7593,99.35409
7594,99.35409
7595,99.35409
7600,99.35409
7601,99.35409
7602,99.35409
7603,99.35409
7604,99.35409
7606,99.35409
7608,100.007576
7613,100.007576
7615,100.007576
7616,100.007576
7617,100.007576
7618,100.007576
7619,100.007576
7622,100.007576
7623,100.007576
7624,100.007576
7625,100.007576
7626,100.007576
7627,100.007576
7628,100.007576
7631,100.007576
7632,100.007576
7633,100.007576
7634,100.007576
7635,100.007576
7636,100.007576
7637,100.007576
7639,100.007576
7640,100.007576
7644,100.007576
7645,100.007576
7648,100.007576
7649,100.007576
7650,100.007576
7652,100.007576
7653,100.007576
7655,100.59541
7659,100.59541
7662,100.59541
7664,100.59541
7666,100.59541
7668,100.59541
7669,100.59541
7670,100.59541
7672,100.59541
7673,100.59541
7678,100.59541
7679,100.59541
7680,100.59541
7683,100.59541
7685,100.03433
7688,100.03433
7690,100.03433
7692,100.03433
7693,100.03433
7695,100.03433
7696,100.03433
7698,100.03433
7699,100.03433
7702,100.03433
7703,100.03433
7704,100.03433
7707,100.03433
7713,100.03433
7715,100.03433
7717,96.1695
7718,96.1695
7719,96.1695
7721,96.1695
7722,96.1695
7725,96.1695
7727,96.1695
7730,96.1695
7733,96.1695
7735,96.1695
7740,96.1695
7741,96.1695
7742,96.1695
7744,96.1695
7747,98.905914
7750,98.905914
7752,98.905914
7754,98.905914
7756,98.905914
7757,98.905914
7758,98.905914
7760,98.905914
7761,98.905914
7763,98.905914
7765,98.905914
7767,98.905914
7768,98.905914
7771,98.905914
7773,98.905914
7774,98.905914
7776,98.905914
7779,98.905914
7783,99.047806
7786,99.047806
7787,99.047806
7789,99.047806
7791,99.047806
7793,99.047806
7794,99.047806
7795,99.047806
7799,99.047806
7800,99.047806
7802,99.047806
7805,99.047806
7807,99.047806
7808,99.047806
7811,99.047806
7817,99.72775
7818,99.72775
7819,99.72775
7822,99.72775
7823,99.72775
7825,99.72775
7828,99.72775
7832,99.72775
7833,99.72775
7834,99.72775
7835,99.72775
7837,99.72775
7840,99.72775
7842,99.72775
7843,99.72775
7844,99.72775
7846,99.41314
7850,99.41314
7853,99.41314
7855,99.41314
7858,99.41314
7863,99.41314
7865,99.41314
7866,99.41314
7868,99.41314
7869,99.41314
7871,99.41314
7872,99.41314
7874,98.80446
7877,98.80446
7878,98.80446
7879,98.80446
7881,98.80446
7883,98.80446
7885,98.80446
7886,98.80446
7889,98.80446
7890,98.80446
7891,98.80446
7893,98.80446
7894,98.80446
7896,98.80446
7898,98.80446
7901,98.80446
7902,98.80446
7904,98.80446
7905,98.80446
7906,98.80446
7909,98.80446
7910,98.80446
7913,98.88668
7918,98.88668
7919,98.88668
7923,98.88668
7925,98.88668
7927,98.88668
7930,98.88668
7932,98.88668
7933,98.88668
7935,98.88668
7939,95.301476
7942,95.301476
7943,95.301476
7945,95.301476
7946,95.301476
7948,95.301476
7949,95.301476
7950,95.301476
7951,95.301476
7955,95.301476
7959,95.301476
7960,95.301476
7961,95.301476
7962,95.301476
7964,95.301476
7965,95.301476
7966,95.301476
7967,95.301476
7968,95.301476
7971,95.301476
7974,95.301476
7976,99.85488
7978,99.85488
7982,99.85488
7983,99.85488
7984,99.85488
7986,99.85488
7989,99.85488
7991,99.85488
7992,99.85488
7993,99.85488
7994,99.85488
7995,99.85488
7997,99.85488
7998,99.85488
7999,99.85488
8002,99.85488
8007,99.85488
8009,99.85488
8011,98.830444
8013,98.830444
8015,98.830444
8017,98.830444
8019,98.830444
8023,98.830444
8024,98.830444
8026,98.830444
8027,98.830444
8029,98.830444
8030,98.830444
8031,98.830444
8033,98.830444
8035,98.830444
8036,98.830444
8039,98.830444
8042,98.830444
8044,98.291916
8046,98.291916
8048,98.291916
8049,98.291916
8050,98.291916
8053,98.291916
8054,98.291916
8059,98.291916
8061,98.291916
8062,98.291916
8064,98.291916
8066,98.291916
8067,98.291916
8068,98.291916
8070,98.291916
8071,98.291916
8072,98.291916
8076,98.291916
8080,99.81577
8081,99.81577
8084,99.81577
8087,99.81577
8089,99.81577
8090,99.81577
8091,99.81577
8094,99.81577
8100,99.81577
8101,99.81577
8110,99.81577
8111,99.81577
8112,99.81577
8115,99.81577
8116,99.81577
8118,99.81577
8121,99.81577
8125,99.81577
8127,99.81577
8128,99.81577
8129,99.81577
8131,99.81577
8138,99.4292
8139,99.4292
8140,99.4292
8141,99.4292
8142,99.4292
8143,99.4292
8145,99.4292
8146,99.4292
8148,99.4292
8153,99.4292
8154,99.4292
8155,99.4292
8161,99.4292
8162,99.4292
8163,99.4292
8166,99.07667
8168,99.07667
8170,99.07667
8172,99.07667
8173,99.07667
8176,99.07667
8179,99.07667
8181,99.07667
8182,99.07667
8184,99.07667
8190,99.07667
8191,99.07667
8194,94.8893
8196,94.8893
8198,94.8893
8199,94.8893
8201,94.8893
8202,94.8893
8207,94.8893
8208,94.8893
8211,94.8893
8214,94.8893
8217,94.8893
8218,94.8893
8222,99.608826
8229,99.608826
8231,99.608826
8233,99.608826
8236,99.608826
8238,99.608826
8240,99.608826
8243,99.608826
8246,98.45368
8250,98.45368
8254,98.45368
8256,98.45368
8257,98.45368
8258,98.45368
8260,98.45368
8261,98.45368
8263,98.45368
8264,98.45368
8267,98.45368
8268,98.45368
8271,98.45368
8272,98.45368
8275,98.45368
8276,98.45368
8277,98.45368
8278,98.45368
8279,98.45368
8280,98.45368
8281,98.45368
8282,98.45368
8287,96.45765
8288,96.45765
8289,96.45765
8294,96.45765
8296,96.45765
8299,96.45765
8302,96.45765
8308,97.36551
8314,97.36551
8315,97.36551
8316,97.36551
8317,97.36551
8319,97.36551
8320,97.36551
8321,97.36551
8323,97.36551
8325,97.36551
8326,97.36551
8328,97.36551
8330,97.36551
8331,97.36551
8332,97.36551
8334,97.36551
8338,97.36551
8339,97.36551
8341,97.36551
8345,101.91181
8346,101.91181
8347,101.91181
8349,101.91181
8351,101.91181
8352,101.91181
8353,101.91181
8355,101.91181
8358,101.91181
8359,101.91181
8360,101.91181
8361,101.91181
8363,101.91181
8364,101.91181
8365,101.91181
8366,101.91181
8370,101.91181
8372,101.91181
8376,101.91181
8377,101.91181
8379,101.91181
8380,101.91181
8381,101.91181
8386,99.854774
8388,99.854774
8389,99.854774
8391,99.854774
8394,99.854774
8396,99.854774
8398,99.854774
8400,99.854774
8401,99.854774
8404,99.854774
8407,99.854774
8408,99.854774
8409,99.854774
8410,99.854774
8411,99.854774
8413,99.854774
8414,99.854774
8416,99.854774
